{"name":"Hkhs","created":"2013-11-07T23:47:35.066+0000","lastUpdated":"2013-11-07T23:47:35.066+0000","description":"hkhs","version":1,"dateOfEnrollmentDescription":"Enrollment Date","dateOfIncidentDescription":"Incident Date","programStages":[{"name":"Single-Event Hkhs","created":"2013-11-07T23:47:35.089+0000","lastUpdated":"2013-11-07T23:47:35.089+0000","href":"http://apps.dhis2.org/demo/api/programStages/LpLnzOyiB1w","id":"LpLnzOyiB1w"}],"type":3,"displayIncidentDate":false,"ignoreOverdueEvents":false,"onlyEnrollOnce":false,"displayOnAllOrgunit":false,"useBirthDateAsIncidentDate":false,"useBirthDateAsEnrollmentDate":false,"selectEnrollmentDatesInFuture":false,"selectIncidentDatesInFuture":false,"relationshipText":"","dataEntryMethod":false,"kind":"SINGLE_EVENT_WITHOUT_REGISTRATION","singleEvent":true,"registration":false,"access":{"manage":true,"externalize":false,"write":true,"read":true,"update":true,"delete":true},"href":"http://apps.dhis2.org/demo/api/programs/AZ1c5KJ8Kvp","id":"AZ1c5KJ8Kvp"}