{"programs":[{"name":"Child Programme","created":"2013-03-04T10:41:07.494+0000","lastUpdated":"2013-05-30T08:25:42.173+0000","type":1,"kind":"MULTIPLE_EVENTS_WITH_REGISTRATION","access":{"manage":true,"externalize":false,"write":true,"read":true,"update":true,"delete":true},"href":"http://apps.dhis2.org/demo/api/programs/IpHINAT79UW","id":"IpHINAT79UW"},{"name":"Hkhs","created":"2013-11-09T14:55:56.094+0000","lastUpdated":"2013-11-09T14:56:24.705+0000","type":3,"kind":"SINGLE_EVENT_WITHOUT_REGISTRATION","access":{"manage":true,"externalize":false,"write":true,"read":true,"update":true,"delete":true},"href":"http://apps.dhis2.org/demo/api/programs/zHGpOlngXaZ","id":"zHGpOlngXaZ"},{"name":"Inpatient morbidity and mortality","created":"2013-03-04T10:41:07.494+0000","lastUpdated":"2013-05-30T08:25:45.919+0000","type":3,"kind":"SINGLE_EVENT_WITHOUT_REGISTRATION","access":{"manage":true,"externalize":false,"write":true,"read":true,"update":true,"delete":true},"href":"http://apps.dhis2.org/demo/api/programs/eBAyeGv0exc","id":"eBAyeGv0exc"},{"name":"MNCH / PNC (Adult Woman)","created":"2013-03-04T10:41:07.494+0000","lastUpdated":"2013-05-30T08:25:48.598+0000","type":1,"kind":"MULTIPLE_EVENTS_WITH_REGISTRATION","access":{"manage":true,"externalize":false,"write":true,"read":true,"update":true,"delete":true},"href":"http://apps.dhis2.org/demo/api/programs/uy2gU8kT1jF","id":"uy2gU8kT1jF"},{"name":"TB program","created":"2013-03-04T10:41:07.494+0000","lastUpdated":"2013-05-30T08:25:52.582+0000","type":1,"kind":"MULTIPLE_EVENTS_WITH_REGISTRATION","access":{"manage":true,"externalize":false,"write":true,"read":true,"update":true,"delete":true},"href":"http://apps.dhis2.org/demo/api/programs/ur1Edk5Oe2n","id":"ur1Edk5Oe2n"}],"pager":{"page":1,"total":5,"pageSize":50,"pageCount":1}}