
{"name":"John Traore","created":"2013-04-18T15:15:08.407+0000","lastUpdated":"2013-11-08T22:08:34.493+0000","surname":"Traore","firstName":"John","email":"system@admin.com","phoneNumber":"","jobTitle":"Super user","introduction":"I am the super user of DHIS 2","gender":"gender_male","birthday":"1971-04-08","employer":"DHIS","education":"Master of super using","interests":"Football, swimming, singing, dancing","languages":"English","lastCheckedInterpretations":"2013-11-08T22:08:34.493+0000","userCredentials":{"code":"admin","name":"John Traore","created":"2013-04-18T15:15:08.401+0000","username":"admin","userAuthorityGroups":[{"name":"Superuser","created":"2012-11-13T17:10:26.881+0000","lastUpdated":"2013-10-16T12:12:09.893+0000","id":"Ufph3mGRmMo"}],"lastLogin":"2013-11-09T15:41:49.726+0000","selfRegistered":false,"disabled":false},"groups":[{"name":"Feedback Message Recipients","created":"2011-12-25T15:52:04.409+0000","lastUpdated":"2013-09-19T14:35:56.328+0000","id":"QYrzIjSfI8z"}],"organisationUnits":[{"code":"OU_525","name":"Sierra Leone","created":"2012-11-13T11:20:53.028+0000","lastUpdated":"2013-10-12T11:54:35.501+0000","id":"ImspTQPwCqd"}],"id":"xE7jOejl9FI"}