{"programs":[{"name":"MySurvey","created":"2013-11-11T17:20:50.927+0000","lastUpdated":"2013-11-11T17:23:31.260+0000","type":3,"kind":"SINGLE_EVENT_WITHOUT_REGISTRATION","access":{"manage":true,"externalize":false,"write":true,"read":true,"update":true,"delete":true},"href":"http://apps.dhis2.org/demo/api/programs/B7YXVmFdlvI","id":"B7YXVmFdlvI"},{"name": "Real survey","created": "2013-11-10T17:52:32.415+0000","lastUpdated": "2013-11-10T17:53:06.331+0000","type": 3,"kind": "SINGLE_EVENT_WITHOUT_REGISTRATION","access": {"manage": true,"externalize": false,"write": true,"read": true,"update": true,"delete": true},"href": "http://apps.dhis2.org/demo/api/programs/IERR05M8r2L","id": "IERR05M8r2L"},{"name":"Child Programme","created":"2013-03-04T10:41:07.494+0000","lastUpdated":"2013-05-30T08:25:42.173+0000","type":1,"kind":"MULTIPLE_EVENTS_WITH_REGISTRATION","access":{"manage":true,"externalize":false,"write":true,"read":true,"update":true,"delete":true},"href":"http://apps.dhis2.org/demo/api/programs/IpHINAT79UW","id":"IpHINAT79UW"},{"name":"Inpatient morbidity and mortality","created":"2013-03-04T10:41:07.494+0000","lastUpdated":"2013-05-30T08:25:45.919+0000","type":3,"kind":"SINGLE_EVENT_WITHOUT_REGISTRATION","access":{"manage":true,"externalize":false,"write":true,"read":true,"update":true,"delete":true},"href":"http://apps.dhis2.org/demo/api/programs/eBAyeGv0exc","id":"eBAyeGv0exc"},{"name":"MNCH / PNC (Adult Woman)","created":"2013-03-04T10:41:07.494+0000","lastUpdated":"2013-05-30T08:25:48.598+0000","type":1,"kind":"MULTIPLE_EVENTS_WITH_REGISTRATION","access":{"manage":true,"externalize":false,"write":true,"read":true,"update":true,"delete":true},"href":"http://apps.dhis2.org/demo/api/programs/uy2gU8kT1jF","id":"uy2gU8kT1jF"},{"name":"TB program","created":"2013-03-04T10:41:07.494+0000","lastUpdated":"2013-05-30T08:25:52.582+0000","type":1,"kind":"MULTIPLE_EVENTS_WITH_REGISTRATION","access":{"manage":true,"externalize":false,"write":true,"read":true,"update":true,"delete":true},"href":"http://apps.dhis2.org/demo/api/programs/ur1Edk5Oe2n","id":"ur1Edk5Oe2n"}],"pager":{"page":1,"total":6,"pageSize":50,"pageCount":1}}