{"name":"KennetTest","created":"2013-11-11T09:57:51.498+0000","lastUpdated":"2013-11-11T09:57:51.564+0000","shortName":"KennetTest","description":"Test kennet","formName":"","active":true,"domainType":"patient","type":"string","textType":"text","aggregationOperator":"sum","categoryCombo":{"name":"default","created":"2011-12-24T11:24:25.203+0000","lastUpdated":"2011-12-24T11:24:25.203+0000","href":"http://apps.dhis2.org/demo/api/categoryCombos/p0KPaWEg3cf","id":"p0KPaWEg3cf"},"url":"","zeroIsSignificant":false,"optionSet":null,"legendSet":null,"access":{"manage":true,"externalize":false,"write":true,"read":true,"update":true,"delete":true},"href":"http://apps.dhis2.org/demo/api/dataElements/AyCs8EUBXJY","id":"AyCs8EUBXJY"}