{"name":"Admission Date","created":"2012-11-14T12:12:49.254+0000","lastUpdated":"2013-03-15T16:32:26.269+0000","shortName":"Admission Date","description":"Date of Admission of patient.","formName":"Date of admission","active":true,"domainType":"patient","type":"date","numberType":"number","aggregationOperator":"sum","categoryCombo":{"name":"default","created":"2011-12-24T11:24:25.203+0000","lastUpdated":"2011-12-24T11:24:25.203+0000","href":"http://apps.dhis2.org/demo/api/categoryCombos/p0KPaWEg3cf","id":"p0KPaWEg3cf"},"url":"","zeroIsSignificant":false,"optionSet":null,"legendSet":null,"access":{"manage":true,"externalize":false,"write":true,"read":true,"update":true,"delete":true},"href":"http://apps.dhis2.org/demo/api/dataElements/eMyVanycQSC","id":"eMyVanycQSC"}