{"name":"Mode of Discharge","created":"2012-11-14T13:49:15.974+0000","lastUpdated":"2013-03-15T16:32:26.266+0000","shortName":"Mode of Discharge","description":"How the patient was discharged.","active":true,"domainType":"patient","type":"string","textType":"text","aggregationOperator":"sum","categoryCombo":{"name":"default","created":"2011-12-24T11:24:25.203+0000","lastUpdated":"2011-12-24T11:24:25.203+0000","href":"http://apps.dhis2.org/demo/api/categoryCombos/p0KPaWEg3cf","id":"p0KPaWEg3cf"},"url":"","zeroIsSignificant":false,"optionSet":{"name":"Mode of discharge","created":"2012-11-14T13:02:35.686+0000","lastUpdated":"2012-11-14T13:02:35.686+0000","href":"http://apps.dhis2.org/demo/api/optionSets/iDFPKpFTiVw","id":"iDFPKpFTiVw"},"legendSet":null,"access":{"manage":true,"externalize":false,"write":true,"read":true,"update":true,"delete":true},"href":"http://apps.dhis2.org/demo/api/dataElements/fWIAEtYVEGk","id":"fWIAEtYVEGk"}