{"name":"Diagnosis (ICD-10)","created":"2012-11-14T13:05:43.397+0000","lastUpdated":"2013-03-15T16:32:26.284+0000","shortName":"Diagnosis (ICD-10)","description":"ICD-10 coded diagnosis.","formName":"","active":true,"domainType":"patient","type":"string","textType":"text","aggregationOperator":"sum","categoryCombo":{"name":"default","created":"2011-12-24T11:24:25.203+0000","lastUpdated":"2011-12-24T11:24:25.203+0000","href":"http://apps.dhis2.org/demo/api/categoryCombos/p0KPaWEg3cf","id":"p0KPaWEg3cf"},"url":"","zeroIsSignificant":false,"optionSet":{"name":"Diagnosis ICD10","created":"2012-08-02T11:02:45.648+0000","lastUpdated":"2012-08-02T11:02:45.648+0000","href":"http://apps.dhis2.org/demo/api/optionSets/eUZ79clX7y1","id":"eUZ79clX7y1"},"legendSet":null,"access":{"manage":true,"externalize":false,"write":true,"read":true,"update":true,"delete":true},"href":"http://apps.dhis2.org/demo/api/dataElements/K6uUAvq500H","id":"K6uUAvq500H"}