{"name":"Discharge Date","created":"2012-11-14T12:13:29.977+0000","lastUpdated":"2013-03-15T16:32:26.273+0000","shortName":"Discharge Date","description":"Date of discharge of patient.","formName":"Date of discharge","active":true,"domainType":"patient","type":"date","numberType":"number","aggregationOperator":"sum","categoryCombo":{"name":"default","created":"2011-12-24T11:24:25.203+0000","lastUpdated":"2011-12-24T11:24:25.203+0000","href":"http://apps.dhis2.org/demo/api/categoryCombos/p0KPaWEg3cf","id":"p0KPaWEg3cf"},"url":"","zeroIsSignificant":false,"optionSet":null,"legendSet":null,"access":{"manage":true,"externalize":false,"write":true,"read":true,"update":true,"delete":true},"href":"http://apps.dhis2.org/demo/api/dataElements/msodh3rEMJa","id":"msodh3rEMJa"}