{"name":"Single-Event MySurvey","created":"2013-11-11T17:20:50.964+0000","lastUpdated":"2013-11-11T17:24:03.826+0000","description":"Survey","minDaysFromStart":0,"program":{"name":"MySurvey","created":"2013-11-11T17:20:50.927+0000","lastUpdated":"2013-11-11T17:23:31.260+0000","href":"http://apps.dhis2.org/demo/api/programs/B7YXVmFdlvI","id":"B7YXVmFdlvI"},"programStageDataElements":[{"programStage":{"name":"Single-Event MySurvey","created":"2013-11-11T17:20:50.964+0000","lastUpdated":"2013-11-11T17:24:03.826+0000","href":"http://apps.dhis2.org/demo/api/programStages/BOGP4XXQ4F7","id":"BOGP4XXQ4F7"},"dataElement":{"name":"Age","created":"2012-11-14T13:41:39.639+0000","lastUpdated":"2013-03-15T16:32:26.280+0000","id":"qrur9Dvnyt5"},"compulsory":false,"allowProvidedElsewhere":false,"displayInReports":false,"allowDateInFuture":false},{"programStage":{"name":"Single-Event MySurvey","created":"2013-11-11T17:20:50.964+0000","lastUpdated":"2013-11-11T17:24:03.826+0000","href":"http://apps.dhis2.org/demo/api/programStages/BOGP4XXQ4F7","id":"BOGP4XXQ4F7"},"dataElement":{"name":"Gender","created":"2012-11-14T12:11:55.105+0000","lastUpdated":"2013-03-15T16:32:26.287+0000","id":"oZg33kd9taw"},"compulsory":false,"allowProvidedElsewhere":false,"displayInReports":false,"allowDateInFuture":false}],"reportDateDescription":"Report date","autoGenerateEvent":true,"validCompleteOnly":false,"displayGenerateEventBox":false,"blockEntryForm":false,"remindCompleted":false,"generatedByEnrollmentDate":false,"allowGenerateNextVisit":false,"openAfterEnrollment":false,"dataEntryType":"default","defaultTemplateMessage":"Dear {person-name}, please come to your appointment on {program-stage-name} at {due-date}","href":"http://apps.dhis2.org/demo/api/programStages/BOGP4XXQ4F7","id":"BOGP4XXQ4F7","repeatable":false}