{"name":"Single-Event Real survey","created":"2013-11-10T17:52:32.455+0000","lastUpdated":"2013-11-10T17:53:29.707+0000","description":"real survey","minDaysFromStart":0,"program":{"name":"Real survey","created":"2013-11-10T17:52:32.415+0000","lastUpdated":"2013-11-10T17:53:06.331+0000","href":"http://apps.dhis2.org/demo/api/programs/IERR05M8r2L","id":"IERR05M8r2L"},"programStageDataElements":[{"programStage":{"name":"Single-Event Real survey","created":"2013-11-10T17:52:32.455+0000","lastUpdated":"2013-11-10T17:53:29.707+0000","href":"http://apps.dhis2.org/demo/api/programStages/dubAuFmxUOz","id":"dubAuFmxUOz"},"dataElement":{"name":"Age","created":"2012-11-14T13:41:39.639+0000","lastUpdated":"2013-03-15T16:32:26.280+0000","id":"qrur9Dvnyt5"},"compulsory":false,"allowProvidedElsewhere":false,"displayInReports":false,"allowDateInFuture":false},{"programStage":{"name":"Single-Event Real survey","created":"2013-11-10T17:52:32.455+0000","lastUpdated":"2013-11-10T17:53:29.707+0000","href":"http://apps.dhis2.org/demo/api/programStages/dubAuFmxUOz","id":"dubAuFmxUOz"},"dataElement":{"name":"Gender","created":"2012-11-14T12:11:55.105+0000","lastUpdated":"2013-03-15T16:32:26.287+0000","id":"oZg33kd9taw"},"compulsory":false,"allowProvidedElsewhere":false,"displayInReports":false,"allowDateInFuture":false}],"reportDateDescription":"Report date","autoGenerateEvent":true,"validCompleteOnly":false,"displayGenerateEventBox":false,"blockEntryForm":false,"remindCompleted":false,"generatedByEnrollmentDate":false,"allowGenerateNextVisit":false,"openAfterEnrollment":false,"defaultTemplateMessage":"Dear {person-name}, please come to your appointment on {program-stage-name} at {due-date}","dataEntryType":"default","href":"http://apps.dhis2.org/demo/api/programStages/dubAuFmxUOz","id":"dubAuFmxUOz","repeatable":false}