{"name":"Single-Event TestSurvey","created":"2013-11-11T09:52:43.157+0000","lastUpdated":"2013-11-11T09:58:52.365+0000","description":"test","minDaysFromStart":0,"program":{"name":"TestSurvey","created":"2013-11-11T09:52:43.100+0000","lastUpdated":"2013-11-11T09:53:11.573+0000","href":"http://apps.dhis2.org/demo/api/programs/oESoeA01ICi","id":"oESoeA01ICi"},"programStageDataElements":[{"programStage":{"name":"Single-Event TestSurvey","created":"2013-11-11T09:52:43.157+0000","lastUpdated":"2013-11-11T09:58:52.365+0000","href":"http://apps.dhis2.org/demo/api/programStages/EVmINOOYbYR","id":"EVmINOOYbYR"},"dataElement":{"name":"Age","created":"2012-11-14T13:41:39.639+0000","lastUpdated":"2013-03-15T16:32:26.280+0000","id":"qrur9Dvnyt5"},"compulsory":false,"allowProvidedElsewhere":false,"displayInReports":false,"allowDateInFuture":false},{"programStage":{"name":"Single-Event TestSurvey","created":"2013-11-11T09:52:43.157+0000","lastUpdated":"2013-11-11T09:58:52.365+0000","href":"http://apps.dhis2.org/demo/api/programStages/EVmINOOYbYR","id":"EVmINOOYbYR"},"dataElement":{"name":"Gender","created":"2012-11-14T12:11:55.105+0000","lastUpdated":"2013-03-15T16:32:26.287+0000","id":"oZg33kd9taw"},"compulsory":false,"allowProvidedElsewhere":false,"displayInReports":false,"allowDateInFuture":false},{"programStage":{"name":"Single-Event TestSurvey","created":"2013-11-11T09:52:43.157+0000","lastUpdated":"2013-11-11T09:58:52.365+0000","href":"http://apps.dhis2.org/demo/api/programStages/EVmINOOYbYR","id":"EVmINOOYbYR"},"dataElement":{"name":"KennetTest","created":"2013-11-11T09:57:51.498+0000","lastUpdated":"2013-11-11T09:57:51.564+0000","id":"AyCs8EUBXJY"},"compulsory":false,"allowProvidedElsewhere":false,"displayInReports":false,"allowDateInFuture":false}],"reportDateDescription":"Report date","autoGenerateEvent":true,"validCompleteOnly":false,"displayGenerateEventBox":false,"blockEntryForm":false,"remindCompleted":false,"generatedByEnrollmentDate":false,"allowGenerateNextVisit":false,"openAfterEnrollment":false,"dataEntryType":"default","defaultTemplateMessage":"Dear {person-name}, please come to your appointment on {program-stage-name} at {due-date}","href":"http://apps.dhis2.org/demo/api/programStages/EVmINOOYbYR","id":"EVmINOOYbYR","repeatable":false}