{"name":"Single-Event NTKS","created":"2013-12-08T16:18:02.067+0000","lastUpdated":"2013-12-08T16:19:36.396+0000","description":"test survey","minDaysFromStart":0,"program":{"name":"NTKS","created":"2013-12-08T16:18:02.038+0000","lastUpdated":"2013-12-08T16:18:34.334+0000","href":"http://apps.dhis2.org/demo/api/programs/jZUNKbHHFJS","id":"jZUNKbHHFJS"},"programStageDataElements":[{"programStage":{"name":"Single-Event NTKS","created":"2013-12-08T16:18:02.067+0000","lastUpdated":"2013-12-08T16:19:36.396+0000","href":"http://apps.dhis2.org/demo/api/programStages/QabSOLF4LFS","id":"QabSOLF4LFS"},"dataElement":{"name":"Name","created":"2013-12-08T16:17:18.007+0000","lastUpdated":"2013-12-08T16:17:18.037+0000","id":"oIgIfmJX4t4"},"compulsory":false,"allowProvidedElsewhere":false,"displayInReports":false,"allowDateInFuture":false},{"programStage":{"name":"Single-Event NTKS","created":"2013-12-08T16:18:02.067+0000","lastUpdated":"2013-12-08T16:19:36.396+0000","href":"http://apps.dhis2.org/demo/api/programStages/QabSOLF4LFS","id":"QabSOLF4LFS"},"dataElement":{"name":"Age","created":"2012-11-14T13:41:39.639+0000","lastUpdated":"2013-03-15T16:32:26.280+0000","id":"qrur9Dvnyt5"},"compulsory":false,"allowProvidedElsewhere":false,"displayInReports":false,"allowDateInFuture":false},{"programStage":{"name":"Single-Event NTKS","created":"2013-12-08T16:18:02.067+0000","lastUpdated":"2013-12-08T16:19:36.396+0000","href":"http://apps.dhis2.org/demo/api/programStages/QabSOLF4LFS","id":"QabSOLF4LFS"},"dataElement":{"name":"Gender","created":"2012-11-14T12:11:55.105+0000","lastUpdated":"2013-03-15T16:32:26.287+0000","id":"oZg33kd9taw"},"compulsory":false,"allowProvidedElsewhere":false,"displayInReports":false,"allowDateInFuture":false},{"programStage":{"name":"Single-Event NTKS","created":"2013-12-08T16:18:02.067+0000","lastUpdated":"2013-12-08T16:19:36.396+0000","href":"http://apps.dhis2.org/demo/api/programStages/QabSOLF4LFS","id":"QabSOLF4LFS"},"dataElement":{"name":"Admission Date","created":"2012-11-14T12:12:49.254+0000","lastUpdated":"2013-03-15T16:32:26.269+0000","id":"eMyVanycQSC"},"compulsory":false,"allowProvidedElsewhere":false,"displayInReports":false,"allowDateInFuture":false},{"programStage":{"name":"Single-Event NTKS","created":"2013-12-08T16:18:02.067+0000","lastUpdated":"2013-12-08T16:19:36.396+0000","href":"http://apps.dhis2.org/demo/api/programStages/QabSOLF4LFS","id":"QabSOLF4LFS"},"dataElement":{"name":"Discharge Date","created":"2012-11-14T12:13:29.977+0000","lastUpdated":"2013-03-15T16:32:26.273+0000","id":"msodh3rEMJa"},"compulsory":false,"allowProvidedElsewhere":false,"displayInReports":false,"allowDateInFuture":false}],"reportDateDescription":"Report date","autoGenerateEvent":true,"validCompleteOnly":false,"displayGenerateEventBox":false,"blockEntryForm":false,"remindCompleted":false,"generatedByEnrollmentDate":false,"allowGenerateNextVisit":false,"openAfterEnrollment":false,"dataEntryType":"default","defaultTemplateMessage":"Dear {person-name}, please come to your appointment on {program-stage-name} at {due-date}","href":"http://apps.dhis2.org/demo/api/programStages/QabSOLF4LFS","id":"QabSOLF4LFS","repeatable":false}