{"name":"Single-Event Inpatient morbidity and mortality","created":"2013-02-07T13:12:20.493+0000","lastUpdated":"2013-02-07T13:12:20.493+0000","description":"Anonymous and ICD-10 coded inpatient data","minDaysFromStart":0,"program":{"name":"Inpatient morbidity and mortality","created":"2013-03-04T10:41:07.494+0000","lastUpdated":"2013-05-30T08:25:45.919+0000","href":"http://apps.dhis2.org/demo/api/programs/eBAyeGv0exc","id":"eBAyeGv0exc"},"programStageDataElements":[{"programStage":{"name":"Single-Event Inpatient morbidity and mortality","created":"2013-02-07T13:12:20.493+0000","lastUpdated":"2013-02-07T13:12:20.493+0000","href":"http://apps.dhis2.org/demo/api/programStages/Zj7UnCAulEk","id":"Zj7UnCAulEk"},"dataElement":{"name":"Age","created":"2012-11-14T13:41:39.639+0000","lastUpdated":"2013-03-15T16:32:26.280+0000","id":"qrur9Dvnyt5"},"compulsory":false,"allowProvidedElsewhere":false,"displayInReports":true,"allowDateInFuture":false},{"programStage":{"name":"Single-Event Inpatient morbidity and mortality","created":"2013-02-07T13:12:20.493+0000","lastUpdated":"2013-02-07T13:12:20.493+0000","href":"http://apps.dhis2.org/demo/api/programStages/Zj7UnCAulEk","id":"Zj7UnCAulEk"},"dataElement":{"name":"Gender","created":"2012-11-14T12:11:55.105+0000","lastUpdated":"2013-03-15T16:32:26.287+0000","id":"oZg33kd9taw"},"compulsory":false,"allowProvidedElsewhere":false,"displayInReports":false,"allowDateInFuture":false},{"programStage":{"name":"Single-Event Inpatient morbidity and mortality","created":"2013-02-07T13:12:20.493+0000","lastUpdated":"2013-02-07T13:12:20.493+0000","href":"http://apps.dhis2.org/demo/api/programStages/Zj7UnCAulEk","id":"Zj7UnCAulEk"},"dataElement":{"name":"Admission Date","created":"2012-11-14T12:12:49.254+0000","lastUpdated":"2013-03-15T16:32:26.269+0000","id":"eMyVanycQSC"},"compulsory":true,"allowProvidedElsewhere":false,"displayInReports":false,"allowDateInFuture":false},{"programStage":{"name":"Single-Event Inpatient morbidity and mortality","created":"2013-02-07T13:12:20.493+0000","lastUpdated":"2013-02-07T13:12:20.493+0000","href":"http://apps.dhis2.org/demo/api/programStages/Zj7UnCAulEk","id":"Zj7UnCAulEk"},"dataElement":{"name":"Discharge Date","created":"2012-11-14T12:13:29.977+0000","lastUpdated":"2013-03-15T16:32:26.273+0000","id":"msodh3rEMJa"},"compulsory":true,"allowProvidedElsewhere":false,"displayInReports":false,"allowDateInFuture":false},{"programStage":{"name":"Single-Event Inpatient morbidity and mortality","created":"2013-02-07T13:12:20.493+0000","lastUpdated":"2013-02-07T13:12:20.493+0000","href":"http://apps.dhis2.org/demo/api/programStages/Zj7UnCAulEk","id":"Zj7UnCAulEk"},"dataElement":{"name":"Mode of Discharge","created":"2012-11-14T13:49:15.974+0000","lastUpdated":"2013-03-15T16:32:26.266+0000","id":"fWIAEtYVEGk"},"compulsory":true,"allowProvidedElsewhere":false,"displayInReports":true,"allowDateInFuture":false},{"programStage":{"name":"Single-Event Inpatient morbidity and mortality","created":"2013-02-07T13:12:20.493+0000","lastUpdated":"2013-02-07T13:12:20.493+0000","href":"http://apps.dhis2.org/demo/api/programStages/Zj7UnCAulEk","id":"Zj7UnCAulEk"},"dataElement":{"name":"Diagnosis (ICD-10)","created":"2012-11-14T13:05:43.397+0000","lastUpdated":"2013-03-15T16:32:26.284+0000","id":"K6uUAvq500H"},"compulsory":true,"allowProvidedElsewhere":false,"displayInReports":true,"allowDateInFuture":false}],"reportDateDescription":"Date of Discharge","autoGenerateEvent":false,"validCompleteOnly":false,"displayGenerateEventBox":false,"blockEntryForm":false,"remindCompleted":false,"generatedByEnrollmentDate":false,"allowGenerateNextVisit":false,"openAfterEnrollment":false,"reportDateToUse":"false","defaultTemplateMessage":"Dear {person-name}, please come to your appointment on {program-stage-name} at {due-date}","dataEntryType":"default","href":"http://apps.dhis2.org/demo/api/programStages/Zj7UnCAulEk","id":"Zj7UnCAulEk","repeatable":false}